[{"id":"user-image-IMG_C45530F2B361-1.jpeg","publicUrl":"np://user.desktop.nicepage.com/Site_46921082/images/IMG_C45530F2B361-1.jpeg","size":122653,"fileName":"IMG_C45530F2B361-1.jpeg","name":"IMG_C45530F2B361-1","width":794,"height":433,"thumbnail":{"url":"np://user.desktop.nicepage.com/Site_46921082/images/thumbnails/IMG_C45530F2B361-1.jpeg","width":250,"height":136},"usages":["77257495"]},{"id":"user-image-3536505.png","publicUrl":"np://user.desktop.nicepage.com/Site_46921082/images/3536505.png","size":2643,"fileName":"3536505.png","name":"3536505","width":128,"height":128,"thumbnail":{"url":"np://user.desktop.nicepage.com/Site_46921082/images/thumbnails/3536505.png","width":128,"height":128,"length":2643,"type":"png"},"usages":["77257495"]},{"id":"user-image-270798.png","publicUrl":"np://user.desktop.nicepage.com/Site_46921082/images/270798.png","size":5319,"fileName":"270798.png","name":"270798","width":128,"height":128,"thumbnail":{"url":"np://user.desktop.nicepage.com/Site_46921082/images/thumbnails/270798.png","width":128,"height":128,"length":5319,"type":"png"},"usages":["77257495"]}]