[{"id":"user-image-IMG_C45530F2B361-1.jpeg","publicUrl":"np://user.desktop.nicepage.com/Site_46921082/images/IMG_C45530F2B361-1.jpeg","size":122653,"fileName":"IMG_C45530F2B361-1.jpeg","name":"IMG_C45530F2B361-1","width":794,"height":433,"thumbnail":{"url":"np://user.desktop.nicepage.com/Site_46921082/images/thumbnails/IMG_C45530F2B361-1.jpeg","width":250,"height":136},"usages":["77257495","11755067","200685200"]},{"id":"user-image-3536505.png","publicUrl":"np://user.desktop.nicepage.com/Site_46921082/images/3536505.png","size":2643,"fileName":"3536505.png","name":"3536505","width":128,"height":128,"thumbnail":{"url":"np://user.desktop.nicepage.com/Site_46921082/images/thumbnails/3536505.png","width":128,"height":128,"length":2643,"type":"png"},"usages":["77257495"]},{"id":"user-image-270798.png","publicUrl":"np://user.desktop.nicepage.com/Site_46921082/images/270798.png","size":5319,"fileName":"270798.png","name":"270798","width":128,"height":128,"thumbnail":{"url":"np://user.desktop.nicepage.com/Site_46921082/images/thumbnails/270798.png","width":128,"height":128,"length":5319,"type":"png"},"usages":["77257495"]},{"id":"user-image-codecampjs.jpg","publicUrl":"np://user.desktop.nicepage.com/Site_46921082/images/codecampjs.jpg","size":554963,"fileName":"codecampjs.jpg","name":"codecampjs","width":2390,"height":1232,"thumbnail":{"url":"np://user.desktop.nicepage.com/Site_46921082/images/thumbnails/codecampjs.jpg","width":250,"height":129},"usages":["77257495"]},{"id":"user-image-ScreenShot2023-01-16at3.44.15PM.png","publicUrl":"np://user.desktop.nicepage.com/Site_46921082/images/ScreenShot2023-01-16at3.44.15PM.png","size":884046,"fileName":"ScreenShot2023-01-16at3.44.15PM.png","name":"ScreenShot2023-01-16at3.44.15PM","width":2644,"height":1344,"thumbnail":{"url":"np://user.desktop.nicepage.com/Site_46921082/images/thumbnails/ScreenShot2023-01-16at3.44.15PM.png","width":250,"height":127},"usages":["77257495"]},{"id":"user-image-ScreenShot2023-01-16at4.18.01PM.png","publicUrl":"np://user.desktop.nicepage.com/Site_46921082/images/ScreenShot2023-01-16at4.18.01PM.png","size":550246,"fileName":"ScreenShot2023-01-16at4.18.01PM.png","name":"ScreenShot2023-01-16at4.18.01PM","width":1846,"height":1414,"thumbnail":{"url":"np://user.desktop.nicepage.com/Site_46921082/images/thumbnails/ScreenShot2023-01-16at4.18.01PM.png","width":250,"height":191},"usages":["77257495"]},{"id":"user-image-ScreenShot2023-01-16at4.33.26PM.png","publicUrl":"np://user.desktop.nicepage.com/Site_46921082/images/ScreenShot2023-01-16at4.33.26PM.png","size":490129,"fileName":"ScreenShot2023-01-16at4.33.26PM.png","name":"ScreenShot2023-01-16at4.33.26PM","width":2332,"height":888,"thumbnail":{"url":"np://user.desktop.nicepage.com/Site_46921082/images/thumbnails/ScreenShot2023-01-16at4.33.26PM.png","width":250,"height":95},"usages":["77257495"]}]